1,Jan,Nowak,ul. Grottgera 5,Bytom,1,1,1975-06-09,1
2,Anna,Nowak,ul. Piekarska 6,Bytom,1,1,1977-07-09,1
3,Katarzyna,Kowalska,ul. Klonowa 1,Bytom,0,1,1966-06-20,2
4,Ewelina,Rak,ul. Musialika 20,Bytom,1,0,1985-01-29,3
5,Joanna,Nowakowska,ul. Stawowa 6,Bytom,1,1,1976-12-24,3
6,Krzysztof,Rostecki,ul. Piekarska 33,Bytom,0,0,1982-06-09,4
7,Robert,Marcinkowski,ul. Szkolna 2,Bytom,0,1,1975-06-09,4
8,Ewa,Maj,ul. Szkolna 4,Bytom,1,0,1979-02-28,4
9,Piotr,Biernacki,ul. Jaworowa 10,Bytom,1,1,1980-10-01,4